ceefcdccc0ad99a195b9c732c6dc7dfd7e89919d	Unit Tests/Benchmarks/Benchmark_TCP Connection.vi
def1e10d96af3e00ef3c9f3c8e1ccbaffb078943	Unit Tests/Manual Dev Tests/161-Test QoS Repetition Bug.vi
6323936bc0c55d8b38d45741ab8662560d433057	Unit Tests/Manual Dev Tests/162-Test QoS 2 Subscription.vi
4eb8c90b459f8d0d17437c7698b6a8c3528e8ff4	Unit Tests/Manual Dev Tests/8-Test PingReq NoIdentifier.vi
fd159af34f7cbb12dc5abbb80ced398c2beea717	Unit Tests/Manual Dev Tests/Test HIveMQ WebSockets Connection.vi
ff46987bd6387399a98cd767d31d07d8da8fb288	Unit Tests/Manual Dev Tests/Test HighFrequency Client Connection.vi
47c1d8ad6c85a4391413821ba6119a08f2296e2e	Unit Tests/Manual Dev Tests/Test Local Queue Connection.vi
2d19395366dfa2623601f0895febda7fa37af979	Unit Tests/Manual Dev Tests/Test Server.vi
d10a9045a83876f1a34754064035c75f9a952667	Unit Tests/Manual Dev Tests/Test Simple Connection.vi
42fa52e5094c7330bd414e2d31f599731bfb39d6	Unit Tests/Manual Dev Tests/Test TCPConnection Process Kill.vi
4b3f1faa6a9955e29790a7eb2a84ac630a4aba0c	Unit Tests/Manual Dev Tests/Test WebSockets Connection.vi
23ccb9980678805e85750abf7f07d6e3c5fb116d	Unit Tests/Requirement Coverage.vi
a60135e613836c68630c1406691bf2e65c8afa12	Unit Tests/Requirements Coverage/GetServerRef.vi
33ed15d281a69f2db1eedf3299e54e289ee3e6ab	Unit Tests/Requirements Coverage/Test MQTT-1.5.3-1.vi
629bfd072c8e50aaf623096b8ee5c2f6b2dc55b7	Unit Tests/Requirements Coverage/Test MQTT-1.5.3-2.vi
3ca1418be1c908ae47fb9a6fbc0330c9e9ac4ecd	Unit Tests/Requirements Coverage/Test MQTT-1.5.3-3.vi
d30f71ac5e36632e6ac1eb5a7952f453979aa3ab	Unit Tests/Requirements Coverage/Test MQTT-2.2.2-1.vi
22092453361b454960f1b055b9617100c7eaf153	Unit Tests/Requirements Coverage/Test MQTT-2.2.2-2.vi
8e3532a09fb123e4546334b7e82840aa96291207	Unit Tests/Requirements Coverage/Test MQTT-2.3.1-1.vi
d116ab49dcb7ed707b5ffee20198214ae2777e77	Unit Tests/Requirements Coverage/Test MQTT-2.3.1-2.vi
919476f95d99c3863014b4aa0ffab65c03e1d628	Unit Tests/Requirements Coverage/Test MQTT-2.3.1-3.vi
9aa88b8ed20e7790c83998552c787463789abd0b	Unit Tests/Requirements Coverage/Test MQTT-2.3.1-5.vi
8e4fd7376fab2cf537a1d17b9d13ab24c7c88469	Unit Tests/Requirements Coverage/Test MQTT-2.3.1-6.vi
0568868e53722c189005932a08409dd1e4529d4b	Unit Tests/Requirements Coverage/Test MQTT-2.3.1-7.vi
2aa3ea49c381c6db7a327c64148b302131c5954a	Unit Tests/Requirements Coverage/Test MQTT-3.1.0-1.vi
aaf01351faba2bb75c4ee386ea169f5dca4b4e81	Unit Tests/Requirements Coverage/Test MQTT-3.1.0-2.vi
ab913e9de16eae650778c94f3fb7d49b2836a120	Unit Tests/Requirements Coverage/Test MQTT-3.1.2-1.vi
1b0107a42196d8564e9a7f07f835f8617f18f6df	Unit Tests/Requirements Coverage/Test MQTT-3.1.2-11.vi
100ccdf97cfd133a27cf2bee70b9e55a570116bd	Unit Tests/Requirements Coverage/Test MQTT-3.1.2-12.vi
4a90ad99a08658cd9334cee0f22975f41ba48d06	Unit Tests/Requirements Coverage/Test MQTT-3.1.2-18.vi
66202fd0a4c399b01f87692bfe41609505758b38	Unit Tests/Requirements Coverage/Test MQTT-3.1.2-19.vi
1c186902316ed69d98c984c7d36167d5e2f6def5	Unit Tests/Requirements Coverage/Test MQTT-3.1.2-2.vi
2b9bd363b21ab7b9e1bee9fc973be0def51f75f2	Unit Tests/Requirements Coverage/Test MQTT-3.1.2-20.vi
7b1a023809e8f304cc6aeed4ef23f2588b6a2084	Unit Tests/Requirements Coverage/Test MQTT-3.1.2-21.vi
fb71994486e80ec7e7943215aff7db4f58812c50	Unit Tests/Requirements Coverage/Test MQTT-3.1.2-22.vi
933a443001397104bd098a9e272380026c882c95	Unit Tests/Requirements Coverage/Test MQTT-3.1.2-3.vi
0e19db1b189d357ce087de4fb49f07d81358399e	Unit Tests/Requirements Coverage/Test MQTT-3.1.3-1.vi
0d43fd09dc4ba578bb94b2f42b6b8992715fec02	Unit Tests/Requirements Coverage/Test MQTT-3.1.3-10.vi
e7a6b64b99e2e767df8950046767dce8e9b660a6	Unit Tests/Requirements Coverage/Test MQTT-3.1.3-11.vi
cde90b8b130debe0d761d3a79dfef7645af5ae64	Unit Tests/Requirements Coverage/Test MQTT-3.1.3-3.vi
b73ad9d61466ab10e6679257617a3098049339b3	Unit Tests/Requirements Coverage/Test MQTT-3.1.3-4.vi
3dcf47d6ccc599403cb56aa2c113324217253c1c	Unit Tests/Requirements Coverage/Test MQTT-3.1.3-5.vi
70cd3933f7d4d14f9644c0eb80a99bda9d93b0bd	Unit Tests/Requirements Coverage/Test MQTT-3.1.3-6.vi
efe3a18034e1f07d93e264251b24576fc53b8033	Unit Tests/Requirements Coverage/Test MQTT-3.1.3-7.vi
03c5fa76c467145d1954653d8b1c67af08c579b8	Unit Tests/Requirements Coverage/Test MQTT-3.1.3-8.vi
54217f634dd4316c855c6c86c81959c7dcdef9c1	Unit Tests/Requirements Coverage/Test MQTT-3.1.3-9.vi
bbf4ddc59f47b2d2aab9635a350a93ccbd89d723	Unit Tests/Requirements Coverage/Test MQTT-3.1.4-2.vi
328929c618bb93465a5d1968348d953c13fb7152	Unit Tests/Requirements Coverage/Test MQTT-3.12.4-1.vi
a8d22dd9fc9631a97ca1609c1b3afce0f5f845fb	Unit Tests/Requirements Coverage/Test MQTT-3.14.4-1.vi
fa46f649b7546a9d61d65819f5d5b9af95a4620d	Unit Tests/Requirements Coverage/Test MQTT-3.2.0-1.vi
eae59b73be51de6b914f79b57f208cdfd3bc8c8f	Unit Tests/Requirements Coverage/Test MQTT-3.2.2-2.vi
7f6458821668420c0d4712c1a5b8acbb26bdbfff	Unit Tests/Requirements Coverage/Test MQTT-3.2.2-4.vi
1fe60356e3d2e637051915491993ab8330e3004a	Unit Tests/Requirements Coverage/Test MQTT-3.3.2-1.vi
893d30d5bbfbaf01069b38a2a4a59f1a3b49c7c0	Unit Tests/Requirements Coverage/Test MQTT-3.3.2-2.vi
71d043afcbada8ca740a00e14b3b60aad6cf312d	Unit Tests/Requirements Coverage/Test MQTT-3.3.2-3.vi
eec6f789322b7c5efdafcc176d16537e3ba588c2	Unit Tests/Requirements Coverage/Test MQTT-3.6.1-1.vi
59cb704df96baf8eb55bb4c56a718050f33d9371	Unit Tests/Requirements Coverage/Test MQTT-3.8.1-1.vi
b3d4ab85a6c1bb3c18169e68bfe08090122ecbce	Unit Tests/Requirements Coverage/Test MQTT-3.8.3-3.vi
08f2bbbb39479798639a0676919b19f2f5a3a825	Unit Tests/Requirements Coverage/Test MQTT-3.8.4-2.vi
647f8ac1858c67bb3a6f6c02b21675770ee2f8c3	Unit Tests/Requirements Coverage/Test MQTT-3.8.4-3.vi
8369c4c0b31f5a3a7b1d32c0537188c97e1faa0c	Unit Tests/Requirements Coverage/Test MQTT-3.8.4-5.vi
adeb013eae34423813f1cb7a825a0fcaa3cec5e7	Unit Tests/Requirements Coverage/Test MQTT-3.9.3-2.vi
a54a421561f334cc8139517965369ffc70d17c46	Unit Tests/Requirements Coverage/Test MQTT-4.3.2-1.vi
547ee03b70664e3b0d9f725fb84dcfde7297accb	Unit Tests/Requirements Coverage/Test MQTT-4.3.3-1.vi
2d7e1f4d0b42047cf3fe12b34bb9ce92c97111af	Unit Tests/Requirements Coverage/Test MQTT-4.7.1-1.vi
0cbbce003cd4bc2451c32df4247e13bfaf94eeb6	Unit Tests/Requirements Coverage/Test MQTT-4.7.1-2.vi
c8ce33f0c1ee3c56919ab8ba5c97a3ad22c3d55e	Unit Tests/Requirements Coverage/Test MQTT-4.7.1-3.vi
23d3a52f07dfee7d8f07a369da20ff67ca0306c2	Unit Tests/Requirements Coverage/Test MQTT-4.7.2-1.vi
56f5e7ef16c276a14bf06ea6b7e4c39858538b35	Unit Tests/Requirements Coverage/Test MQTT-4.7.3-1.vi
ca23d645b18f62e568b815cb73e1fd20d5445140	Unit Tests/Requirements Coverage/Test MQTT-4.7.3-2.vi
37934f856abae4559a35ab2e87396d727eabc52c	Unit Tests/Requirements Coverage/Test MQTT-4.7.3-3.vi
26126ad0a31a79540f4b357322fd7a823d51cbc5	Unit Tests/Requirements Coverage/Test MQTT-4.7.3-4.vi
b24c7708b5a0bbaf4f61d67e222324d9aa7f7368	Unit Tests/Requirements Coverage/Test MQTT-4.8.0-1.vi
9fe62ee4bde8e3517bfe8c4d84bfcf2f9b1813fd	Unit Tests/Requirements Coverage/Test MQTT-6.0.0-1.vi
eb2c187ac7d63446896ab32bd9c53a62e9cd9674	Unit Tests/Requirements Coverage/Test MQTT-6.0.0-2.vi
abb77f564d65bc07b9f372c6cd7030773f2c152e	Unit Tests/Requirements Coverage/Test MQTT-6.0.0-3.vi
03244dd86ff1b949cae17573016f24e88bad81a7	Unit Tests/Requirements Coverage/Test MQTT-6.0.0-4.vi
fb85cb3c2dff06aeb701d937d85f0941a0262c87	Unit Tests/Requirements Coverage/Test MQTT-7.1.2-1.vi
76072ab14fe1ef922443c37a16bbd5a6f5eb9e84	Unit Tests/Requirements Coverage/Test Websockets Requirements.vi
9cf597d57b14aef5c121417ce65709e96d4e93e3	source/ConnectionHandler/Create Connection Handler.vi
7c5e3d0dd7fd512bba99e965191f4a7c09b49066	source/ConnectionHandler/Read Public Events.vi
f25c5bcd3bac190898490e531414b66f4e6c6b82	source/ConnectionHandler/Read ServerRequest.vi
2e685b2be573a03345eaa31668ec826d2930f896	source/ConnectionHandler/Read Sessions.vi
a6e22533a816c59c96d124b573be6e7c8fcb1384	source/ConnectionHandler/Read Stored Sessions.vi
f6ef7da7b880de89913cb3ea8d0f412b61597fe2	source/ConnectionHandler/Read Support Session Storage.vi
0c0194b259bbe5022d89d7893e879baa21450f05	source/ConnectionHandler/Stop Connection Handler.vi
cedbecd3bb4933e97958ca2ab5db038d3b296ee8	source/ConnectionHandler/Write ServerRequest.vi
adeddbb571b058348a9cf304239946c4c896958f	source/ConnectionHandler/Write Sessions.vi
02d65c7b79bb427f40ad9de24d705a2a480dbb88	source/ConnectionHandler/Write Stored Sessions.vi
ea7d3b0244ffd1dfe23a7e15cad057c2b430f086	source/ConnectionHandler/Write Support Session Storage.vi
446027c4a5571907d96c98fd0cf3f4ec54c7a30b	source/ConnectionHandler/process.vi
34e908938fc9d5053ad56db0d3ae1670d0bb0592	source/DropVI_MQTT Server.vi
59f3fb24fb65f7489cef18e55f934ae4d2f848f8	source/DropVI_MQTT Server_Tracing.vi
1235c6a7dd9d3ca4e46354dc2d200a6d4cbfb36b	source/DropVI_MQTT Server_withDebugTerminal.vi
77f4d73871579f4ec8ba4893dc6f82a3a342e282	source/DropVI_PacketTracer_Instance.vi
71cb31f12bc3eb1c454e2362d3bf23ef00f7da0c	source/PacketCollection/Create Packet Collection.vi
7bc08e935a482157a58c1b16e7476a8ab6fcef31	source/PacketCollection/Flatten Packets.vi
d3246f7dfd925a6d968936090e00e7498d881157	source/PacketCollection/Get Collection Size.vi
75dad27e7f84d5fcfb2a2f17fb66e26ecf97d45b	source/PacketCollection/Read Packets.vi
9337d5aca13cbf2b92a4e0602fa837eb2ff688e5	source/PacketCollection/SelfTest-FlattenPackets.vi
6e1e6b4877d2f4ce50df9691d3e3a5183ccfbfa9	source/PacketTracer/onIncomingPacket.vi
ef8eec793151379250b0d3b0ad84b3cc824cdef9	source/PacketTracer/onOutgoingPacket.vi
f4ffde30d1d00cd9081c36a46c04537507f42fa7	source/Server class/Add ClientID Session.vi
4f897127ef7cc5b4e281cc4da0d71e08d518b663	source/Server class/Add Subscription.vi
2d6f309a67485898c3d131c3ecf414d1bf588967	source/Server class/CONNECT.checkValidID.vi
1a0fafbe1933a180a61d0210073cba9f6ed676ae	source/Server class/Clean Subscriptions.vi
7bc791f7da1fd9259da529ace7bc8383c5021aa5	source/Server class/Create Server.vi
1936a5e9d569546f47b550ef1e687def1112305b	source/Server class/Forward Acknowledgement.vi
64e1761e2aaf1a6c487c4ae6f0d2a61091d37857	source/Server class/Forward Inbound Message.vi
eb5f6daa4b3b863b2bb3f32c0bbe4ce384ac6cdb	source/Server class/Get ClientID List.vi
c1e28fcf9877d9a603ba8a382498d550ef6eaf80	source/Server class/Get ClientID from Session.vi
1013c690bdc8bd61197224a91b8b3b9b9b05f356	source/Server class/Get NbConnections.vi
c6b0378b85df88e808a3647eeaf3f6435715bb57	source/Server class/Get Session from ClientID.vi
dea868f1b9dc9eddcad536120b86e9bd80cbb998	source/Server class/Get Subscriptions.vi
a9e98b4590572dda61de966ad66b3910f570c346	source/Server class/Handle Incoming Packets.vi
ce3be3aad36d26469af3abd8d4ca28fc22b49a30	source/Server class/Launch Connection Handler.vi
8d9c243fabc3ad8b84b9512874fbf1fbbd35178e	source/Server class/Read Inbound Message.vi
b30d1e057709158c38751b85222e5dc01b9a3e45	source/Server class/Read PacketTracer.vi
87b2183028c01f9452cf6cae6d90b731180b6664	source/Server class/Read Server Private Events.vi
08beff1c6d3f2bcc9b659538edac14158cd75273	source/Server class/Read Server Public Events.vi
ea28597a182905060585661d961e202649ac480d	source/Server class/Read Support Session Storage.vi
e162e3d7c8a8bf8571483285ce434a1526f2f5ca	source/Server class/Remove Session (byClientID).vi
1e707ddebd72b504bc8ee17c5cee899b4eaadd99	source/Server class/Remove Session (byMailbox).vi
d0155e819dd0b23feced31289699f3a8e9794c4a	source/Server class/Remove Subscription.vi
edee8a42e7678d194b3714601059fb87fe32d5e6	source/Server class/Send SessionDisconnectMessage.vi
0be8679bbfb55b1e367fdfe8e469d60c6bbfdd87	source/Server class/Write PacketTracer.vi
3539c3ff24e95f0d088b3acfeca631d47d1f69b3	source/Server class/Write Support Session Storage.vi
7f3195ead288086dc2c018f44dafb2e6955fd8fa	source/Server class/clearStoredSession.vi
5c78cea8371927ec5a4745a97d5402f24f8bb49e	source/Server class/isSessionStored.vi
f1e1cec2cd813b3a2ba88bbf5f08b04114a5110a	source/Server class/onCreate.vi
c5ff783a1e4c9998f48bc58b38b6fda3f47754f5	source/Server class/onDestroy.vi
ad06ee71e727d1245d8a3ce76df23c47fb6e371e	source/Server class/onStart.vi
fc6e63cbfeff8bfef790be621192dd7a03156ef0	source/Server class/onStop.vi
f1df0c0139a632d490b4488f674b64d69c7a855b	source/Server class/process.vi
f9eb119ea9d9fb271dbafa8e9f5d92990e18f3bf	source/Session.Server/Forward Packet.vi
7e8e7d8e4b503fc4ddb20fd6392d086844407dda	source/Session.Server/Validate Incoming Packet.vi
364f7d6cd903baff2b3b20dd84278e0e99816bdd	source/Session.Server/onTerminateSession.vi
90a0e94a0c2f1e5fbf140f09adf58f78dfceb8c9	source/StoredSessions/Add PUBREC.vi
2a0f5e4ee814d2f3f5d9f5c4febc3b0333d82844	source/StoredSessions/Add Subscription.vi
056cc0ecc7582252580b956cedeb346f8f7675eb	source/StoredSessions/Delete Session State.vi
c0405032ef4e97f191100218d21c0dc2ea0ec522	source/StoredSessions/Get Storage Ref.vi
1544155af88bfa6f82fa78c9a7dcc2514fe6fe7c	source/StoredSessions/Initialize Stored Session.vi
05f9b20d29b3a35b8d432be19c9195db8a8bcc4b	source/StoredSessions/Remove PUBREC.vi
d2f1cb6989a6b18a53ba0177fafa83018e24777b	source/StoredSessions/Remove Subscription.vi
b59f2dfab55deb62928a174afd572528d96b9c43	source/StoredSessions/Update Subscription.vi
188c749f63ee10df5c3018a5f323efb0bba3d2d0	source/StoredSessions/hasStateStored.vi
5d6ecbfed19f1a1ca03bc246da7a947de4c4d2bf	source/Subscription/Check Packet ID Unused.vi
3737e5034aa1acc0a2a5addf975d5db9b43318fc	source/Subscription/Create Subscription.vi
bbde869fc905fcaa173490be9e63e01fb81b6928	source/Subscription/Destroy Subscription.vi
445213981dcddf96c784219b97ca8ee066f2da68	source/Subscription/Discard Packet.vi
db4af2f9ee43dca22a2010f5c543fc9b34f618aa	source/Subscription/Evaluate Match.vi
a26534c422e6b4c694958bbf8cf4baf20741f777	source/Subscription/List Unacknowledged Packets.vi
bca7c76e80368786efc53129f40c8f774da77a88	source/Subscription/Merge QoS.vi
becf1307d3dcdddb11ac3258ee7683973af6d751	source/Subscription/Read QoS.vi
ef150c81d951ef2d10ec2fcebfc5cce5fd192280	source/Subscription/Read SessionMailbox.vi
6e50c19a3b82f0fd7669ceb328baf61f07a7f468	source/Subscription/Read Topic Filter.vi
c028136e6f7dd711545041a8a3649ce7a62dd85c	source/Subscription/Reply to Client.vi
d5340c477557ca5e300b909d7bab70d81bd5ae84	source/Subscription/Store Packet.vi
c2e4c7514571d3a196ecf2d10461842be1777912	source/Subscription/Write QoS.vi
92ccd76a794d5761f86fc9c58b15beddacfa26aa	source/Subscription/Write Topic Filter.vi
d33442c1d4c5f57cd9e844714f0509a515a1512a	source/Subscription/process.vi
af0ab2726a88fe976d87f557d16c4463d57b867e	source/TopicFilter/Add to Cache.vi
0404bdc3b15e466fd52eae6edfd2c64c43e753f4	source/TopicFilter/Create TopicFilter.vi
3ba990619f0138d25596066e86e7d6c0fa71dc07	source/TopicFilter/Destroy TopicFilter.vi
31a0a95eb3f65dd6ee0573b7d83bf008909b9cb2	source/TopicFilter/Evaluate.vi
276ad4101b8d576f37fa36fb8eaaabf43b90dcb2	source/TopicFilter/Read Topic Filter.vi
b1ba87760c60b49bcfaad1d185f38ae08c50581b	source/TopicFilter/Write Topic Filter.vi
c184c538790c74bec36a8d820e5c4a6b460fc778	source/TopicFilter/isCached.vi
374b7d9617bc292d6329b1a8471324a14f0a357a	source/TopicFilter/isUniversal.vi
